com.ninjakiwi.sas4.scripts.projectiles.AerialBombardmentRocket,o12340
com.ninjakiwi.sas4.scripts.projectiles.AcidPool,o15095
com.ninjakiwi.sas4.scripts.projectiles.FlameThrowerBullet,o5049
com.ninjakiwi.sas4.scripts.projectiles.Bullet,o5049
com.ninjakiwi.sas4.scripts.projectiles.Flame,o5049
com.ninjakiwi.sas4.scripts.projectiles.FlameBall,o8810
com.ninjakiwi.sas4.scripts.projectiles.RepatitisProjectile,o10707
com.ninjakiwi.sas4.scripts.projectiles.Spit,o13754
com.ninjakiwi.sas4.scripts.projectiles.Clense,o17726
com.ninjakiwi.sas4.scripts.projectiles.AerialBombardmentMarker,o7887
com.ninjakiwi.sas4.scripts.projectiles.Grenade,o1736
com.ninjakiwi.sas4.scripts.projectiles.GroundFire,o432
com.ninjakiwi.sas4.scripts.projectiles.Antidote,o15166
com.ninjakiwi.sas4.scripts.projectiles.SpitPool,o4254
com.ninjakiwi.sas4.scripts.projectiles.EnemyRocket,o5049
com.ninjakiwi.sas4.scripts.projectiles.Medkit,o4198
com.ninjakiwi.sas4.scripts.projectiles.EnemyFlameThrowerBullet,o5049
com.ninjakiwi.sas4.scripts.projectiles.Rocket,o5049
com.ninjakiwi.sas4.scripts.projectiles.RegurgPool,o14198
com.ninjakiwi.sas4.scripts.avatars.Assault,o20757
com.ninjakiwi.sas4.scripts.avatars.Medic,o10351
com.ninjakiwi.sas4.scripts.avatars.Heavy,o1009
com.ninjakiwi.sas4.scripts.spawners.SurvivorSpawner,o17421
com.ninjakiwi.sas4.scripts.spawners.RoomScript,o17805
com.ninjakiwi.sas4.scripts.spawners.Room,o17805
com.ninjakiwi.sas4.scripts.spawners.VIPBossSpawner,o15535
com.ninjakiwi.sas4.scripts.spawners.TriggeredSpawnEncounter,o6614
com.ninjakiwi.sas4.scripts.spawners.EventTriggeredContSpawner,o4994
com.ninjakiwi.sas4.scripts.spawners.TriggeredContinuousSpawner,o8107
com.ninjakiwi.sas4.scripts.spawners.ActivatedWaveSpawner,o6384
com.ninjakiwi.sas4.scripts.spawners.ZombiePod,o18843
com.ninjakiwi.sas4.scripts.spawners.TriggeredWaveSpawner,o17782
com.ninjakiwi.sas4.scripts.spawners.OnslaughtSpawner,o5460
com.ninjakiwi.sas4.scripts.spawners.PurgeSpawner,o19751
com.ninjakiwi.sas4.scripts.spawners.PowerMasterController,o13503
com.ninjakiwi.sas4.scripts.spawners.EventSpawner,o16668
com.ninjakiwi.sas4.scripts.spawners.LastStandSpawner,o7649
com.ninjakiwi.sas4.scripts.spawners.SurvivorHunterSpawner,o9190
com.ninjakiwi.sas4.scripts.spawners.OnslaughtBossSpawner,o5048
com.ninjakiwi.sas4.scripts.spawners.TimedAreaSpawner,o10410
com.ninjakiwi.sas4.scripts.spawners.ActivatedBossSpawner,o9973
com.ninjakiwi.sas4.scripts.spawners.VIPMasterController,o11088
com.ninjakiwi.sas4.scripts.spawners.EggBossSpawn,o10429
com.ninjakiwi.sas4.scripts.spawners.SpawnType,o6515
com.ninjakiwi.sas4.scripts.spawners.OnOffContinuousSpawner,o8905
com.ninjakiwi.sas4.scripts.spawners.TriggeredAreaSpawner,o16618
com.ninjakiwi.sas4.scripts.spawners.SpawnEncounter,o9239
com.ninjakiwi.sas4.scripts.spawners.ActivatedAreaSpawner,o6335
com.ninjakiwi.sas4.scripts.display.AnimateNode,o7513
com.ninjakiwi.sas4.scripts.display.BlackPolygon,o6548
com.ninjakiwi.sas4.scripts.doors.DestroyableBarrier,o4657
com.ninjakiwi.sas4.scripts.doors.SurvivorSecretDoor,o15813
com.ninjakiwi.sas4.scripts.doors.OnslaughtMainDoors,o8311
com.ninjakiwi.sas4.scripts.doors.TrainDoor,o2829
com.ninjakiwi.sas4.scripts.doors.SurvivorBarriers,o6702
com.ninjakiwi.sas4.scripts.doors.WaitForPlayersDoor,o2303
com.ninjakiwi.sas4.scripts.doors.Barrier,o17241
com.ninjakiwi.sas4.scripts.doors.LabDoor,o7507
com.ninjakiwi.sas4.scripts.doors.SecurityDoor,o1861
com.ninjakiwi.sas4.scripts.doors.TimedDoor,o9395
com.ninjakiwi.sas4.scripts.doors.PowerOutDoor,o8155
com.ninjakiwi.sas4.scripts.doors.StarTrekDoor,o67
com.ninjakiwi.sas4.scripts.doors.PurgeDoor,o4149
com.ninjakiwi.sas4.scripts.doors.KillEnemiesDoor,o8671
com.ninjakiwi.sas4.scripts.physics.NoGoZone,o10948
com.ninjakiwi.sas4.scripts.physics.StaticWall,o13977
com.ninjakiwi.sas4.scripts.victoryConditions.VaccineVictoryCondition,o8201
com.ninjakiwi.sas4.scripts.victoryConditions.OnslaughtVictoryCondition,o18962
com.ninjakiwi.sas4.scripts.victoryConditions.SurvivorsVictoryCondition,o15362
com.ninjakiwi.sas4.scripts.loot.AreaLoot,o6009
com.ninjakiwi.sas4.scripts.loot.DroppedLoot,o13742
com.ninjakiwi.sas4.scripts.extras.LabSecurityDoorSwitch,o5904
com.ninjakiwi.sas4.scripts.extras.WaitForPlayersExit,o20196
com.ninjakiwi.sas4.scripts.extras.PodsHudController,o14779
com.ninjakiwi.sas4.scripts.extras.TheFatController,o4079
com.ninjakiwi.sas4.scripts.extras.OnslaughtScriptsController,o9549
com.ninjakiwi.sas4.scripts.extras.TheTimeKeeper,o20894
com.ninjakiwi.sas4.scripts.extras.Teleporter,o15442
com.ninjakiwi.sas4.scripts.extras.RoofHider,o8462
com.ninjakiwi.sas4.scripts.extras.VIPDestroyableController,o1136
com.ninjakiwi.sas4.scripts.extras.FlickeringLight,o6265
com.ninjakiwi.sas4.scripts.extras.AnimationDisplay,o266
com.ninjakiwi.sas4.scripts.extras.RandomPathBlocker,o18477
com.ninjakiwi.sas4.scripts.extras.PowerOutDecals,o1565
com.ninjakiwi.sas4.scripts.extras.TriggerArea,o1642
com.ninjakiwi.sas4.scripts.extras.ChatRoomScript,o2927
com.ninjakiwi.sas4.scripts.extras.MpDebug,o9383
com.ninjakiwi.sas4.scripts.objects.CashRegister,o2603
com.ninjakiwi.sas4.scripts.objects.ParkBench,o13014
com.ninjakiwi.sas4.scripts.objects.TrashCan,o11105
com.ninjakiwi.sas4.scripts.objects.SwatTruck,o20402
com.ninjakiwi.sas4.scripts.objects.PowerOutSpawnHole,o144
com.ninjakiwi.sas4.scripts.objects.Chair,o7307
com.ninjakiwi.sas4.scripts.objects.Crate,o16637
com.ninjakiwi.sas4.scripts.objects.ExplodingCar,o2242
com.ninjakiwi.sas4.scripts.objects.BulletReactionObject,o9931
com.ninjakiwi.sas4.scripts.objects.GlobalCrate,o6906
com.ninjakiwi.sas4.scripts.objects.MansionObject,o1765
com.ninjakiwi.sas4.scripts.objects.GlobalBarrel,o16496
com.ninjakiwi.sas4.scripts.objects.Barrel,o15905
com.ninjakiwi.sas4.scripts.enemies.Regurgitator,o8363
com.ninjakiwi.sas4.scripts.enemies.ZombDroidServant,o11259
com.ninjakiwi.sas4.scripts.enemies.ZombieMech,o11918
com.ninjakiwi.sas4.scripts.enemies.Repatitis,o1481
com.ninjakiwi.sas4.scripts.enemies.Devastator,o13795
com.ninjakiwi.sas4.scripts.enemies.Loaderbot,o19775
com.ninjakiwi.sas4.scripts.enemies.SpewWorm,o16609
com.ninjakiwi.sas4.scripts.enemies.Spitter,o14541
com.ninjakiwi.sas4.scripts.enemies.RepatitisJunior,o19671
com.ninjakiwi.sas4.scripts.enemies.ShieldedZombie,o18111
com.ninjakiwi.sas4.scripts.enemies.ZombDroidSoldier,o2379
com.ninjakiwi.sas4.scripts.enemies.RunnerZombie,o1764
com.ninjakiwi.sas4.scripts.enemies.Worm,o20015
com.ninjakiwi.sas4.scripts.enemies.PlaceHolderEnemy,o726
com.ninjakiwi.sas4.scripts.enemies.FatZombie,o3092
com.ninjakiwi.sas4.scripts.enemies.BulletSponge,o7901
com.ninjakiwi.sas4.scripts.enemies.Wicker,o2514
com.ninjakiwi.sas4.scripts.enemies.SlowZombie,o2623
com.ninjakiwi.sas4.scripts.enemies.FasterZombie,o7027
com.ninjakiwi.sas4.scripts.enemies.ED209,o5049
com.ninjakiwi.sas4.scripts.spawners.TestSpawner,o7988
com.ninjakiwi.sas4.scripts.projectiles.PlaceableMedikit,o4487
com.ninjakiwi.sas4.scripts.extras.MessageTriggerScript,o5538
com.ninjakiwi.sas4.scripts.extras.PodsBurstAnim,o5854
com.ninjakiwi.sas4.scripts.extras.TriggeredAnimation,o4130
com.ninjakiwi.sas4.scripts.gameModes.AlphaVirusModeData,o6617
com.ninjakiwi.sas4.scripts.gameModes.AlphaVirusMode,o13606
com.ninjakiwi.sas4.scripts.gameModes.AlphaVirusSpawner,o19602
com.ninjakiwi.sas4.scripts.gameModes.LastManStanding,o3474
com.ninjakiwi.sas4.scripts.gameModes.Apocalypse,o12468
com.ninjakiwi.sas4.scripts.gameModes.LastManSpawner,o15188
com.ninjakiwi.sas4.scripts.gameModes.ApocalypseSpawner,o2637
com.ninjakiwi.sas4.scripts.objects.ZombieEggArena,o19132
com.ninjakiwi.sas4.scripts.physics.GhostWall,o19935
com.ninjakiwi.sas4.scripts.objects.HVMSoldier,o13538
com.ninjakiwi.sas4.scripts.victoryConditions.IceStationVictoryCondition,o13741
com.ninjakiwi.sas4.scripts.spawners.IceStationSpawner,o15928
com.ninjakiwi.sas4.scripts.doors.RepairableBarrier,o9251
com.ninjakiwi.sas4.scripts.objects.IceStationAmbo,o16962
com.ninjakiwi.sas4.scripts.objects.IceStationTruck,o8742
com.ninjakiwi.sas4.scripts.doors.IceStationGate,o2830
com.ninjakiwi.sas4.scripts.doors.IceRoadBlockade,o7314
com.ninjakiwi.sas4.scripts.display.BloodTexture,o15817
com.ninjakiwi.sas4.scripts.display.BloodTextureTrigger,o3856
com.ninjakiwi.sas4.scripts.projectiles.BasicRocket,o15897
com.ninjakiwi.sas4.scripts.projectiles.BasicFlameBullet,o8715
com.ninjakiwi.sas4.scripts.projectiles.Disc,o5049
com.ninjakiwi.sas4.scripts.projectiles.FlameConeProj,o18623
com.ninjakiwi.sas4.scripts.spawners.OnslaughtNightmareSpawner,o1074
com.ninjakiwi.sas4.scripts.editor.AvatarSpawn,o6603
com.ninjakiwi.sas4.scripts.victoryConditions.MeltdownVictoryCondition,o13502
com.ninjakiwi.sas4.scripts.doors.PhaseDoor,o15308
com.ninjakiwi.sas4.scripts.doors.MeltdownMainDoor,o7390
com.ninjakiwi.sas4.scripts.extras.MeltdownReactor,o4177
com.ninjakiwi.sas4.scripts.extras.MeltdownRoom,o15692
com.ninjakiwi.sas4.scripts.extras.GasRoom,o8467
com.ninjakiwi.sas4.scripts.objects.DeskComputer,o11309
com.ninjakiwi.sas4.scripts.spawners.ActivatedWaveSpawnerTrim,o2772
com.ninjakiwi.sas4.scripts.extras.DoomRoom,o5366
com.ninjakiwi.sas4.scripts.physics.FailSafeTeleportZone,o7717
com.ninjakiwi.sas4.scripts.physics.FailSafeTeleportZoneNamed,o15830
com.ninjakiwi.sas4.scripts.contracts.contractData.ContractAmmoRecoveryData,o187
com.ninjakiwi.sas4.scripts.contracts.contractTypes.ContractAmmoRecovery,o190
com.ninjakiwi.sas4.scripts.contracts.contractTypes.ContractEquipmentSalvage,o13037
com.ninjakiwi.sas4.scripts.contracts.contractData.ContractEquipmentSalvageData,o2012
com.ninjakiwi.sas4.scripts.contracts.contractTypes.ContractZombieHotspot,o4416
com.ninjakiwi.sas4.scripts.contracts.contractData.ContractZombieHotspotData,o15401
com.ninjakiwi.sas4.scripts.contracts.contractData.ContractSupportWeaponsShipmentData,o4211
com.ninjakiwi.sas4.scripts.contracts.contractTypes.ContractSupportWeaponsShipment,o2795
com.ninjakiwi.sas4.scripts.contracts.contractData.ContractDataRetrievalData,o6466
com.ninjakiwi.sas4.scripts.contracts.contractScripts.TerminalData,o7950
com.ninjakiwi.sas4.scripts.contracts.contractTypes.ContractDataRetrieval,o8147
com.ninjakiwi.sas4.scripts.contracts.ContractsMasterController,o5049
com.ninjakiwi.sas4.scripts.contracts.contractData.ContractData,o19639
com.ninjakiwi.sas4.scripts.doors.FailSafeTeleportZone,o5049
com.ninjakiwi.sas4.scripts.display.ParallaxedAnimatedNode,o5049
com.ninjakiwi.sas4.scripts.spawners.Budget,o5049
com.ninjakiwi.sas4.scripts.loot.DropSpecificLoot,o6555
com.ninjakiwi.sas4.scripts.display.StaticAnimatedNode,o14856
com.ninjakiwi.sas4.scripts.display.BlendModeNode,o4074
com.ninjakiwi.sas4.scripts.gameModes.SampleCollection,o678
com.ninjakiwi.sas4.scripts.gameModes.SampleCollectionSpawner,o9667
com.ninjakiwi.sas4.scripts.projectiles.PlayerAcidPool,o1619
com.ninjakiwi.sas4.scripts.loot.FestivalHolidayLootSpawn,o10909